<?xml version="1.0" encoding="UTF-8"?>
<jcr:root xmlns:oak="http://jackrabbit.apache.org/oak/ns/1.0" xmlns:jcr="http://www.jcp.org/jcr/1.0" xmlns:nt="http://www.jcp.org/jcr/nt/1.0" xmlns:rep="internal"
    jcr:mixinTypes="[rep:AccessControllable]"
    jcr:primaryType="nt:unstructured">
    <socialLucene/>
    <workflowDataLucene/>
    <slingeventJob/>
    <jcrLanguage/>
    <versionStoreIndex/>
    <repMembers/>
    <cqReportsLucene/>
    <commerceLucene/>
    <counter/>
    <authorizables/>
    <enablementResourceName/>
    <externalPrincipalNames/>
    <cmLucene/>
    <cqProjectLucene/>
    <ntFolderDamLucene/>
    <acPrincipalName/>
    <uuid/>
    <damAssetLucene/>
    <searchTestIndex
        jcr:primaryType="oak:QueryIndexDefinition"
        async="[async,not]"
        evaluatePathRestrictions="{Boolean}true"
        fullTextEnabled="{Boolean}false"
        includedPaths="[/content/search-test]"
        reindex="{Boolean}false"
        reindexCount="{Long}2"
        seed="{Long}9044525622412984540"
        type="lucene">
        <indexRules jcr:primaryType="nt:unstructured">
            <nt:unstructured
                jcr:primaryType="nt:unstructured"
                includePropertyTypes="all">
                <properties jcr:primaryType="nt:unstructured">
                    <id
                        jcr:primaryType="nt:unstructured"
                        analyzed="{Boolean}true"
                        isRegexp="{Boolean}false"
                        name="id"
                        nodeScopeIndex="{Boolean}true"
                        propertyIndex="{Boolean}true"
                        useInExcerpt="{Boolean}true"/>
                </properties>
            </nt:unstructured>
        </indexRules>
    </searchTestIndex>
    <rep:policy/>
    <cqPayloadPath/>
    <nodetypeLucene/>
    <nodetype/>
    <ntBaseLucene/>
    <reference/>
    <principalName/>
    <cqTagLucene/>
    <lucene/>
    <repTokenIndex/>
    <externalId/>
    <authorizableId/>
    <cqPageLucene/>
</jcr:root>
